,country,ip
0,United States,100.11.170.135
1,United States,100.19.73.35
2,United States,104.129.196.183
3,United States,104.148.30.54
4,United States,104.180.86.144
5,United States,104.187.116.12
6,United States,104.189.72.26
7,United States,104.190.242.24
8,United States,104.190.247.101
9,United States,104.190.250.60
10,United States,104.191.10.15
11,United States,104.191.12.108
12,United States,104.218.128.194
13,United States,104.219.136.67
14,Mexico,104.238.45.21
15,Mexico,104.238.45.24
16,Mexico,104.238.45.4
17,Mexico,104.238.45.6
18,United States,104.37.31.16
19,United States,104.48.141.55
20,United States,104.48.213.50
21,United States,104.53.201.99
22,United States,104.53.202.214
23,United States,104.53.215.21
24,United States,104.53.215.7
25,United States,107.127.0.122
26,United States,107.127.0.123
27,United States,107.127.0.90
28,United States,107.128.3.66
29,United States,107.150.31.108
30,United States,107.204.49.22
31,United States,107.204.53.24
32,United States,107.206.133.57
33,United States,107.242.125.8
34,United States,107.77.100.109
35,United States,107.77.100.57
36,United States,107.77.100.85
37,United States,107.77.100.89
38,United States,107.77.105.117
39,United States,107.77.105.126
40,United States,107.77.105.78
41,United States,107.77.169.12
42,United States,107.77.169.3
43,United States,107.77.169.5
44,United States,107.77.169.54
45,United States,107.77.169.55
46,United States,107.77.169.6
47,United States,107.77.189.17
48,United States,107.77.189.2
49,United States,107.77.189.21
50,United States,107.77.189.26
51,United States,107.77.189.27
52,United States,107.77.189.30
53,United States,107.77.189.33
54,United States,107.77.189.49
55,United States,107.77.189.63
56,United States,107.77.189.9
57,United States,107.77.198.12
58,United States,107.77.198.136
59,United States,107.77.198.169
60,United States,107.77.198.177
61,United States,107.77.199.23
62,United States,107.77.201.86
63,United States,107.77.217.10
64,United States,107.77.217.101
65,United States,107.77.217.109
66,United States,107.77.217.114
67,United States,107.77.217.129
68,United States,107.77.217.13
69,United States,107.77.217.140
70,United States,107.77.217.142
71,United States,107.77.217.143
72,United States,107.77.217.151
73,United States,107.77.217.156
74,United States,107.77.217.166
75,United States,107.77.217.182
76,United States,107.77.217.20
77,United States,107.77.217.210
78,United States,107.77.217.214
79,United States,107.77.217.24
80,United States,107.77.217.37
81,United States,107.77.217.39
82,United States,107.77.217.47
83,United States,107.77.217.49
84,United States,107.77.217.54
85,United States,107.77.217.6
86,United States,107.77.217.70
87,United States,107.77.217.85
88,United States,107.77.217.94
89,United States,107.77.217.99
90,United States,107.77.218.109
91,United States,107.77.218.136
92,United States,107.77.218.139
93,United States,107.77.218.145
94,United States,107.77.218.153
95,United States,107.77.218.158
96,United States,107.77.218.184
97,United States,107.77.218.195
98,United States,107.77.218.198
99,United States,107.77.218.203
100,United States,107.77.218.210
101,United States,107.77.218.215
102,United States,107.77.218.226
103,United States,107.77.218.35
104,United States,107.77.218.4
105,United States,107.77.218.42
106,United States,107.77.218.58
107,United States,107.77.218.64
108,United States,107.77.218.77
109,United States,107.77.218.8
110,United States,107.77.218.92
111,United States,107.77.218.99
112,United States,107.77.219.11
113,United States,107.77.219.110
114,United States,107.77.219.127
115,United States,107.77.219.141
116,United States,107.77.219.171
117,United States,107.77.219.175
118,United States,107.77.219.187
119,United States,107.77.219.19
120,United States,107.77.219.190
121,United States,107.77.219.194
122,United States,107.77.219.20
123,United States,107.77.219.209
124,United States,107.77.219.49
125,United States,107.77.219.50
126,United States,107.77.219.66
127,United States,107.77.219.67
128,United States,107.77.219.93
129,United States,107.77.219.96
130,United States,107.77.220.106
131,United States,107.77.220.108
132,United States,107.77.220.12
133,United States,107.77.220.123
134,United States,107.77.220.176
135,United States,107.77.220.18
136,United States,107.77.220.42
137,United States,107.77.220.47
138,United States,107.77.220.52
139,United States,107.77.220.81
140,United States,107.77.220.85
141,United States,107.77.221.101
142,United States,107.77.221.127
143,United States,107.77.221.13
144,United States,107.77.221.14
145,United States,107.77.221.141
146,United States,107.77.221.157
147,United States,107.77.221.160
148,United States,107.77.221.165
149,United States,107.77.221.166
150,United States,107.77.221.189
151,United States,107.77.221.19
152,United States,107.77.221.200
153,United States,107.77.221.211
154,United States,107.77.221.22
155,United States,107.77.221.226
156,United States,107.77.221.227
157,United States,107.77.221.32
158,United States,107.77.221.33
159,United States,107.77.221.36
160,United States,107.77.221.42
161,United States,107.77.221.57
162,United States,107.77.221.66
163,United States,107.77.221.80
164,United States,107.77.221.82
165,United States,107.77.221.92
166,United States,107.77.221.96
167,United States,107.77.221.97
168,United States,107.77.222.108
169,United States,107.77.222.115
170,United States,107.77.222.125
171,United States,107.77.222.127
172,United States,107.77.222.13
173,United States,107.77.222.132
174,United States,107.77.222.137
175,United States,107.77.222.138
176,United States,107.77.222.159
177,United States,107.77.222.17
178,United States,107.77.222.175
179,United States,107.77.222.18
180,United States,107.77.222.187
181,United States,107.77.222.197
182,United States,107.77.222.216
183,United States,107.77.222.219
184,United States,107.77.222.225
185,United States,107.77.222.231
186,United States,107.77.222.31
187,United States,107.77.222.55
188,United States,107.77.222.63
189,United States,107.77.222.64
190,United States,107.77.222.7
191,United States,107.77.222.85
192,United States,107.77.222.97
193,United States,107.77.222.99
194,United States,107.77.64.130
195,United States,107.77.72.63
196,United States,107.77.80.83
197,United States,107.77.94.123
198,United States,107.77.94.128
199,United States,107.77.94.33
200,United States,107.77.94.80
201,United States,107.85.80.73
202,United States,108.174.85.238
203,United States,108.18.249.150
204,United States,108.199.116.156
205,United States,108.199.117.106
206,United States,108.199.117.235
207,United States,108.200.112.159
208,United States,108.200.112.192
209,United States,108.220.101.224
210,United States,108.220.102.149
211,United States,108.239.188.205
212,United States,108.247.106.74
213,United States,108.248.9.192
214,United States,108.253.53.1
215,United States,108.65.244.91
216,United States,108.71.183.46
217,United States,108.73.55.208
218,United States,12.106.208.194
219,United States,12.132.167.253
220,United States,12.132.197.125
221,United States,12.16.232.100
222,United States,12.197.196.242
223,United States,12.197.199.226
224,United States,12.247.3.42
225,United States,12.247.3.50
226,United States,12.252.48.110
227,United States,12.27.152.137
228,United States,12.5.63.210
229,United States,12.5.63.226
230,United States,12.71.181.245
231,United States,12.87.39.218
232,United States,129.111.18.213
233,United States,129.115.195.22
234,United States,129.115.195.28
235,United States,129.115.195.34
236,United States,129.115.195.52
237,United States,129.115.2.245
238,United States,130.45.33.209
239,United States,130.45.47.106
240,United States,130.45.49.89
241,United States,130.45.50.251
242,United States,130.45.50.55
243,United States,130.45.52.50
244,United States,130.45.65.31
245,United States,131.194.184.123
246,United States,131.44.121.128
247,United States,131.44.121.129
248,United States,131.44.121.130
249,United States,134.250.1.82
250,United States,136.49.100.118
251,United States,136.49.16.212
252,United States,136.50.20.17
253,United States,136.50.29.193
254,United States,136.50.32.151
255,United States,136.50.54.2
256,United States,136.50.6.131
257,United States,136.50.61.52
258,United States,136.50.70.139
259,United States,136.50.75.159
260,United States,136.50.79.189
261,United States,136.50.95.62
262,United States,136.62.156.201
263,United States,136.62.157.140
264,United States,136.62.18.97
265,United States,137.242.1.128
266,United States,137.242.1.129
267,United States,137.254.7.165
268,United States,137.254.7.169
269,United States,137.254.7.172
270,United States,137.254.7.173
271,United States,137.254.7.174
272,United States,137.254.7.176
273,United States,137.254.7.178
274,United States,137.254.7.184
275,United States,148.66.37.91
276,United States,148.66.39.89
277,United States,154.21.28.158
278,United States,154.3.250.108
279,United States,154.6.28.146
280,United States,155.95.87.116
281,United States,155.95.98.32
282,United States,155.95.98.43
283,United States,155.95.98.44
284,United States,155.95.98.45
285,United States,155.95.98.61
286,United States,156.146.43.65
287,United States,161.38.221.206
288,United States,162.194.246.150
289,United States,162.195.148.122
290,United States,162.197.40.243
291,United States,162.197.46.150
292,United States,162.229.67.41
293,United States,162.245.203.7
294,United States,162.250.18.140
295,United States,162.250.18.154
296,United States,162.72.0.173
297,United States,162.72.2.198
298,United States,162.89.0.47
299,United States,165.225.48.84
300,United States,165.225.48.86
301,United States,165.225.48.90
302,United States,165.225.48.93
303,United States,166.128.126.112
304,United States,166.205.190.23
305,United States,166.247.169.116
306,United States,166.251.101.159
307,United States,166.251.106.189
308,United States,166.251.109.168
309,United States,166.251.109.48
310,United States,166.251.112.225
311,United States,167.24.104.150
312,United States,167.24.104.154
313,United States,167.24.24.150
314,United States,167.71.126.76
315,United States,167.99.96.214
316,United States,170.130.1.67
317,Canada,170.225.9.141
318,United States,170.248.173.245
319,United States,170.248.173.246
320,United States,170.248.173.247
321,United States,172.108.140.130
322,United States,172.124.64.127
323,United States,172.124.67.93
324,United States,172.124.70.146
325,United States,172.14.176.83
326,United States,172.3.220.202
327,United States,172.3.29.85
328,United States,172.56.15.15
329,United States,172.56.15.203
330,United States,172.56.15.46
331,United States,172.56.15.50
332,United States,172.56.15.6
333,United States,172.56.15.73
334,United States,172.56.6.130
335,United States,172.56.6.150
336,United States,172.56.6.151
337,United States,172.56.6.20
338,United States,172.56.6.73
339,United States,172.56.6.77
340,United States,172.56.7.186
341,United States,172.56.7.199
342,United States,172.56.7.241
343,United States,172.56.7.51
344,United States,172.56.7.59
345,United States,172.56.7.6
346,United States,172.58.100.107
347,United States,172.58.102.135
348,United States,172.58.102.136
349,United States,172.58.102.139
350,United States,172.58.102.140
351,United States,172.58.102.149
352,United States,172.58.102.151
353,United States,172.58.102.162
354,United States,172.58.102.167
355,United States,172.58.102.178
356,United States,172.58.102.183
357,United States,172.58.102.191
358,United States,172.58.102.200
359,United States,172.58.102.205
360,United States,172.58.102.212
361,United States,172.58.102.219
362,United States,172.58.102.220
363,United States,172.58.102.222
364,United States,172.58.102.223
365,United States,172.58.102.226
366,United States,172.58.102.231
367,United States,172.58.102.244
368,United States,172.58.102.250
369,United States,172.58.102.254
370,United States,172.58.103.55
371,United States,172.58.104.239
372,United States,172.58.107.0
373,United States,172.58.107.101
374,United States,172.58.107.106
375,United States,172.58.107.111
376,United States,172.58.107.129
377,United States,172.58.107.145
378,United States,172.58.107.153
379,United States,172.58.107.176
380,United States,172.58.107.177
381,United States,172.58.107.178
382,United States,172.58.107.184
383,United States,172.58.107.187
384,United States,172.58.107.19
385,United States,172.58.107.190
386,United States,172.58.107.203
387,United States,172.58.107.204
388,United States,172.58.107.206
389,United States,172.58.107.212
390,United States,172.58.107.22
391,United States,172.58.107.223
392,United States,172.58.107.225
393,United States,172.58.107.226
394,United States,172.58.107.23
395,United States,172.58.107.230
396,United States,172.58.107.232
397,United States,172.58.107.235
398,United States,172.58.107.237
399,United States,172.58.107.239
400,United States,172.58.107.241
401,United States,172.58.107.27
402,United States,172.58.107.3
403,United States,172.58.107.51
404,United States,172.58.107.66
405,United States,172.58.107.74
406,United States,172.58.107.84
407,United States,172.58.107.85
408,United States,172.58.107.97
409,United States,172.58.107.99
410,United States,172.58.108.124
411,United States,172.58.108.134
412,United States,172.58.108.139
413,United States,172.58.108.142
414,United States,172.58.108.147
415,United States,172.58.108.153
416,United States,172.58.108.157
417,United States,172.58.108.168
418,United States,172.58.108.187
419,United States,172.58.108.190
420,United States,172.58.108.216
421,United States,172.58.108.232
422,United States,172.58.108.242
423,United States,172.58.108.27
424,United States,172.58.108.41
425,United States,172.58.108.47
426,United States,172.58.108.5
427,United States,172.58.108.72
428,United States,172.58.108.97
429,United States,172.58.109.109
430,United States,172.58.109.111
431,United States,172.58.109.124
432,United States,172.58.109.133
433,United States,172.58.109.155
434,United States,172.58.109.173
435,United States,172.58.109.196
436,United States,172.58.109.206
437,United States,172.58.109.223
438,United States,172.58.110.140
439,United States,172.58.110.145
440,United States,172.58.110.149
441,United States,172.58.110.151
442,United States,172.58.110.156
443,United States,172.58.110.158
444,United States,172.58.110.159
445,United States,172.58.110.170
446,United States,172.58.110.172
447,United States,172.58.110.175
448,United States,172.58.110.176
449,United States,172.58.110.186
450,United States,172.58.110.191
451,United States,172.58.110.198
452,United States,172.58.110.206
453,United States,172.58.111.105
454,United States,172.58.111.115
455,United States,172.58.111.139
456,United States,172.58.111.172
457,United States,172.58.111.213
458,United States,172.58.111.247
459,United States,172.58.111.26
460,United States,172.58.111.48
461,United States,172.58.111.64
462,United States,172.58.111.66
463,United States,172.58.111.76
464,United States,172.58.111.8
465,United States,172.58.67.118
466,United States,172.58.67.120
467,United States,172.58.67.123
468,United States,172.58.67.127
469,United States,172.58.67.14
470,United States,172.58.67.159
471,United States,172.58.67.175
472,United States,172.58.67.191
473,United States,172.58.67.239
474,United States,172.58.67.243
475,United States,172.58.67.246
476,United States,172.58.67.50
477,United States,172.58.67.65
478,United States,172.58.67.72
479,United States,172.58.68.125
480,United States,172.58.68.136
481,United States,172.58.68.191
482,United States,172.58.68.21
483,United States,172.58.68.33
484,United States,172.58.68.6
485,United States,172.58.68.69
486,United States,172.58.70.167
487,United States,172.58.70.169
488,United States,172.58.70.171
489,United States,172.58.70.176
490,United States,172.58.70.189
491,United States,172.58.70.201
492,United States,172.58.70.211
493,United States,172.58.70.237
494,United States,172.58.71.121
495,United States,172.58.71.38
496,United States,172.58.71.71
497,United States,172.58.96.31
498,United States,172.58.96.4
499,United States,172.58.97.187
500,United States,172.58.99.105
501,United States,172.58.99.110
502,United States,172.58.99.111
503,United States,172.58.99.113
504,United States,172.58.99.115
505,United States,172.58.99.127
506,United States,172.58.99.137
507,United States,172.58.99.139
508,United States,172.58.99.14
509,United States,172.58.99.146
510,United States,172.58.99.149
511,United States,172.58.99.16
512,United States,172.58.99.163
513,United States,172.58.99.167
514,United States,172.58.99.178
515,United States,172.58.99.179
516,United States,172.58.99.186
517,United States,172.58.99.191
518,United States,172.58.99.197
519,United States,172.58.99.20
520,United States,172.58.99.208
521,United States,172.58.99.21
522,United States,172.58.99.213
523,United States,172.58.99.225
524,United States,172.58.99.229
525,United States,172.58.99.23
526,United States,172.58.99.238
527,United States,172.58.99.240
528,United States,172.58.99.26
529,United States,172.58.99.53
530,United States,172.58.99.57
531,United States,172.58.99.6
532,United States,172.58.99.69
533,United States,172.58.99.71
534,United States,172.58.99.74
535,United States,172.58.99.75
536,United States,172.58.99.81
537,United States,172.58.99.94
538,United States,172.58.99.99
539,United States,172.8.173.224
540,United States,172.9.1.31
541,United States,172.9.3.42
542,United States,173.123.125.46
543,United States,173.123.148.85
544,United States,173.123.149.65
545,United States,173.123.157.175
546,United States,173.123.196.135
547,United States,173.123.204.117
548,United States,173.123.211.50
549,United States,173.123.212.81
550,United States,173.123.44.116
551,United States,173.123.59.139
552,United States,173.126.107.20
553,United States,173.127.102.248
554,United States,173.127.105.106
555,United States,173.127.108.144
556,United States,173.127.123.225
557,United States,173.127.20.115
558,United States,173.127.36.184
559,United States,173.127.47.45
560,United States,173.127.55.135
561,United States,173.127.59.159
562,United States,173.127.89.155
563,United States,173.149.140.118
564,United States,173.149.140.36
565,United States,173.149.177.187
566,United States,173.149.192.220
567,United States,173.149.224.202
568,United States,173.149.239.160
569,United States,173.149.245.229
570,United States,173.172.202.149
571,United States,173.173.100.228
572,United States,173.173.102.136
573,United States,173.173.102.182
574,United States,173.173.104.57
575,United States,173.173.107.110
576,United States,173.173.111.160
577,United States,173.173.113.96
578,United States,173.173.115.201
579,United States,173.173.121.51
580,United States,173.173.127.101
581,United States,173.173.244.231
582,United States,173.173.47.94
583,United States,173.173.96.192
584,United States,173.173.97.218
585,United States,173.174.130.38
586,United States,173.174.132.234
587,United States,173.174.136.11
588,United States,173.174.142.84
589,United States,173.174.147.198
590,United States,173.174.153.61
591,United States,173.174.155.172
592,United States,173.174.165.12
593,United States,173.174.172.52
594,United States,173.174.177.48
595,United States,173.174.189.102
596,United States,173.174.190.7
597,United States,173.174.200.226
598,United States,173.174.207.225
599,United States,173.174.211.206
600,United States,173.174.220.17
601,United States,173.174.236.156
602,United States,173.174.236.31
603,United States,173.174.243.231
604,United States,173.174.7.203
605,United States,173.175.104.33
606,United States,173.175.109.235
607,United States,173.175.117.44
608,United States,173.175.118.119
609,United States,173.255.139.216
610,United States,174.128.177.247
611,United States,174.128.180.102
612,United States,174.128.180.115
613,United States,174.128.180.150
614,United States,174.128.180.152
615,United States,174.128.180.163
616,United States,174.128.180.19
617,United States,174.128.180.212
618,United States,174.128.180.24
619,United States,174.128.180.3
620,United States,174.128.180.55
621,United States,174.128.180.71
622,United States,174.128.180.9
623,United States,174.128.181.105
624,United States,174.128.181.152
625,United States,174.128.181.163
626,United States,174.128.181.166
627,United States,174.128.181.167
628,United States,174.128.181.232
629,United States,174.128.181.69
630,United States,174.128.181.71
631,United States,174.128.181.89
632,United States,174.197.1.123
633,United States,174.197.1.248
634,United States,174.197.1.83
635,United States,174.197.10.65
636,United States,174.197.7.127
637,United States,174.206.2.148
638,United States,174.207.0.103
639,United States,174.207.0.177
640,United States,174.207.0.29
641,United States,174.207.1.54
642,United States,174.207.10.43
643,United States,174.207.11.139
644,United States,174.207.13.82
645,United States,174.207.14.202
646,United States,174.207.14.229
647,United States,174.207.14.251
648,United States,174.207.14.66
649,United States,174.207.14.75
650,United States,174.207.15.137
651,United States,174.207.15.176
652,United States,174.207.15.221
653,United States,174.207.15.244
654,United States,174.207.15.91
655,United States,174.207.16.1
656,United States,174.207.16.65
657,United States,174.207.17.141
658,United States,174.207.17.170
659,United States,174.207.17.181
660,United States,174.207.17.75
661,United States,174.207.17.95
662,United States,174.207.18.107
663,United States,174.207.18.173
664,United States,174.207.2.122
665,United States,174.207.2.137
666,United States,174.207.2.208
667,United States,174.207.2.32
668,United States,174.207.22.170
669,United States,174.207.22.2
670,United States,174.207.23.109
671,United States,174.207.23.199
672,United States,174.207.23.41
673,United States,174.207.24.231
674,United States,174.207.24.245
675,United States,174.207.24.42
676,United States,174.207.25.208
677,United States,174.207.25.219
678,United States,174.207.25.229
679,United States,174.207.26.100
680,United States,174.207.26.73
681,United States,174.207.3.247
682,United States,174.207.3.54
683,United States,174.207.34.2
684,United States,174.207.5.100
685,United States,174.207.5.143
686,United States,174.207.5.154
687,United States,174.207.5.245
688,United States,174.207.7.252
689,United States,174.207.8.123
690,United States,174.207.8.153
691,United States,174.207.8.218
692,United States,174.235.7.82
693,United States,174.236.1.254
694,United States,174.236.11.194
695,United States,174.236.11.30
696,United States,174.236.18.237
697,United States,174.236.3.129
698,United States,174.236.3.162
699,United States,174.236.3.3
700,United States,174.236.6.113
701,United States,174.236.8.119
702,United States,174.244.48.221
703,United States,174.244.67.71
704,United States,174.246.132.173
705,United States,174.246.161.224
706,United States,174.246.194.48
707,United States,174.246.197.129
708,United States,174.246.198.133
709,United States,174.246.198.233
710,United States,174.246.202.47
711,United States,174.25.169.61
712,United States,174.255.130.141
713,United States,174.67.1.123
714,United States,174.67.9.84
715,United States,181.214.227.23
716,United States,181.214.227.47
717,United States,184.169.45.4
718,United States,184.203.11.216
719,United States,184.203.207.171
720,United States,184.226.102.210
721,United States,184.226.71.155
722,United States,185.151.12.218
723,United States,185.151.12.242
724,United States,185.247.70.173
725,United States,192.145.119.105
726,United States,192.171.117.210
727,United States,192.171.117.214
728,United States,192.241.233.20
729,United States,192.241.235.228
730,United States,193.56.117.100
731,United States,193.56.117.16
732,United States,193.56.117.3
733,United States,193.56.117.42
734,United States,193.56.117.46
735,United States,193.56.117.80
736,United States,198.202.210.220
737,United States,199.10.64.84
738,United States,199.116.118.132
739,United States,199.116.118.166
740,United States,199.193.220.106
741,United States,199.193.220.210
742,United States,199.193.221.114
743,United States,199.59.33.125
744,United States,199.59.33.126
745,United States,204.44.112.76
746,United States,204.60.9.26
747,United States,206.121.37.170
748,United States,206.193.219.171
749,United States,206.81.232.6
750,United States,207.119.2.249
751,United States,207.119.3.121
752,United States,207.119.3.149
753,United States,207.119.48.226
754,United States,207.119.52.22
755,United States,207.119.54.40
756,United States,207.119.54.88
757,United States,207.119.56.213
758,United States,207.119.59.156
759,United States,207.119.59.216
760,United States,207.119.61.55
761,United States,207.119.61.70
762,United States,207.119.63.85
763,United States,208.73.111.171
764,United States,209.135.132.136
765,United States,209.184.113.32
766,United States,209.184.113.43
767,United States,209.36.87.18
768,United States,209.58.154.12
769,United States,212.102.45.63
770,United States,216.1.153.162
771,United States,216.177.181.227
772,United States,216.54.250.134
773,United States,216.59.206.66
774,United States,216.82.146.133
775,United States,23.112.150.115
776,United States,23.117.144.200
777,United States,23.24.208.203
778,United States,24.130.120.24
779,United States,24.153.137.59
780,United States,24.155.251.203
781,United States,24.155.69.59
782,United States,24.160.133.222
783,United States,24.160.158.182
784,United States,24.170.84.159
785,United States,24.170.93.9
786,United States,24.173.152.222
787,United States,24.173.208.242
788,United States,24.175.229.211
789,United States,24.242.163.11
790,United States,24.242.180.178
791,United States,24.243.10.238
792,United States,24.243.125.78
793,United States,24.243.18.90
794,United States,24.243.19.100
795,United States,24.243.22.28
796,United States,24.243.34.38
797,United States,24.243.37.71
798,United States,24.243.58.134
799,United States,24.243.58.62
800,United States,24.243.59.138
801,United States,24.243.59.161
802,United States,24.243.59.91
803,United States,24.243.59.95
804,United States,24.243.74.160
805,United States,24.243.8.81
806,United States,24.26.232.177
807,United States,24.26.244.77
808,United States,24.26.246.52
809,United States,24.26.250.41
810,United States,24.26.252.42
811,United States,24.27.56.43
812,United States,24.28.101.217
813,United States,24.28.109.234
814,United States,24.28.148.245
815,United States,24.28.66.30
816,United States,24.54.124.11
817,United States,24.73.246.228
818,United States,24.99.149.248
819,United States,38.142.208.162
820,United States,38.95.108.230
821,United States,4.16.216.161
822,United States,45.131.192.121
823,United States,45.131.192.211
824,United States,45.132.115.22
825,Switzerland,45.132.226.7
826,United States,45.20.118.158
827,United States,45.21.0.138
828,United States,45.26.146.156
829,United States,45.30.140.223
830,United States,45.30.141.87
831,United States,45.31.212.88
832,United States,45.41.134.89
833,United States,45.56.148.87
834,United States,45.56.151.122
835,United States,45.56.151.13
836,United States,45.56.151.151
837,United States,45.56.151.177
838,United States,45.56.151.222
839,United States,45.56.151.68
840,United States,45.56.151.87
841,United States,47.134.162.37
842,United States,47.234.144.124
843,United States,47.234.152.61
844,United States,47.6.87.22
845,United States,50.202.129.130
846,United States,50.226.114.86
847,United States,50.84.103.219
848,United States,50.84.30.82
849,United States,50.84.77.251
850,United States,52.176.52.196
851,United States,52.95.4.16
852,United States,63.246.163.161
853,United States,63.97.8.65
854,United States,64.124.33.178
855,United States,64.132.225.203
856,United States,64.134.148.108
857,United States,64.134.148.200
858,United States,64.134.149.176
859,United States,64.134.149.33
860,United States,64.134.155.129
861,United States,64.134.159.142
862,United States,64.134.31.44
863,United States,64.250.227.83
864,United States,64.9.239.9
865,United States,65.112.228.222
866,United States,65.153.133.35
867,United States,65.204.10.233
868,United States,65.220.10.3
869,United States,65.36.104.120
870,United States,65.36.96.192
871,United States,66.111.118.45
872,United States,66.136.56.254
873,United States,66.176.160.135
874,United States,66.193.245.94
875,United States,66.194.160.106
876,United States,66.225.111.109
877,United States,66.25.154.64
878,United States,66.25.166.124
879,United States,66.25.171.31
880,United States,66.25.171.4
881,United States,66.25.67.202
882,United States,66.25.7.76
883,United States,66.25.88.97
884,United States,66.68.28.182
885,United States,66.69.1.31
886,United States,66.69.110.179
887,United States,66.69.33.137
888,United States,66.69.36.47
889,United States,66.69.40.223
890,United States,66.69.42.51
891,United States,66.69.48.118
892,United States,66.69.49.204
893,United States,66.69.50.45
894,United States,66.69.54.140
895,United States,66.69.60.109
896,United States,66.69.86.155
897,United States,66.90.136.214
898,United States,66.90.173.188
899,United States,67.10.128.187
900,United States,67.10.153.249
901,United States,67.10.154.68
902,United States,67.10.158.134
903,United States,67.10.164.203
904,United States,67.10.164.55
905,United States,67.10.169.6
906,United States,67.10.175.200
907,United States,67.10.183.5
908,United States,67.10.186.142
909,United States,67.10.191.167
910,United States,67.10.213.134
911,United States,67.11.113.196
912,United States,67.11.120.84
913,United States,67.11.124.64
914,United States,67.11.138.10
915,United States,67.11.141.218
916,United States,67.11.154.74
917,United States,67.11.157.190
918,United States,67.11.157.23
919,United States,67.11.167.40
920,United States,67.11.167.95
921,United States,67.11.169.7
922,United States,67.11.172.66
923,United States,67.11.193.143
924,United States,67.11.201.94
925,United States,67.11.211.115
926,United States,67.11.212.182
927,United States,67.11.215.110
928,United States,67.11.215.97
929,United States,67.11.218.22
930,United States,67.11.223.207
931,United States,67.11.239.2
932,United States,67.11.239.97
933,United States,67.11.247.155
934,United States,67.11.253.150
935,United States,67.11.52.225
936,United States,67.11.85.236
937,United States,67.11.87.229
938,United States,67.22.173.176
939,United States,67.44.176.135
940,United States,67.48.201.230
941,United States,67.48.40.83
942,United States,67.78.112.162
943,United States,67.78.73.114
944,United States,67.79.20.162
945,United States,67.79.43.254
946,United States,67.79.62.147
947,United States,67.79.98.186
948,United States,67.80.48.111
949,United States,68.201.192.3
950,United States,68.203.203.127
951,United States,68.206.251.51
952,United States,68.206.254.17
953,United States,68.227.97.247
954,United States,68.252.68.142
955,United States,68.65.212.72
956,United States,69.130.123.181
957,United States,69.132.169.243
958,United States,69.166.80.80
959,United States,69.193.187.30
960,United States,69.231.92.35
961,United States,69.236.100.33
962,United States,69.59.91.191
963,United States,69.91.64.132
964,United States,70.112.179.142
965,United States,70.113.107.71
966,United States,70.113.20.26
967,United States,70.114.239.51
968,United States,70.114.3.78
969,United States,70.114.45.119
970,United States,70.115.158.21
971,United States,70.115.238.206
972,United States,70.115.90.106
973,United States,70.117.13.151
974,United States,70.117.16.40
975,United States,70.117.30.148
976,United States,70.117.31.37
977,United States,70.117.71.59
978,United States,70.118.67.138
979,United States,70.118.9.107
980,United States,70.120.15.165
981,United States,70.120.22.185
982,United States,70.120.28.245
983,United States,70.120.28.81
984,United States,70.120.49.220
985,United States,70.120.52.142
986,United States,70.120.57.140
987,United States,70.120.59.12
988,United States,70.120.6.177
989,United States,70.120.73.115
990,United States,70.120.75.219
991,United States,70.120.80.21
992,United States,70.120.93.125
993,United States,70.121.136.2
994,United States,70.121.160.151
995,United States,70.121.163.5
996,United States,70.121.171.184
997,United States,70.121.171.212
998,United States,70.121.173.47
999,United States,70.121.185.146
1000,United States,70.121.191.85
1001,United States,70.121.199.82
1002,United States,70.121.200.203
1003,United States,70.121.207.245
1004,United States,70.121.210.246
1005,United States,70.121.214.34
1006,United States,70.121.215.53
1007,United States,70.122.201.106
1008,United States,70.122.206.138
1009,United States,70.122.230.225
1010,United States,70.122.250.222
1011,United States,70.122.40.62
1012,United States,70.122.42.101
1013,United States,70.122.42.87
1014,United States,70.123.160.242
1015,United States,70.123.198.193
1016,United States,70.123.202.50
1017,United States,70.123.203.131
1018,United States,70.123.215.59
1019,United States,70.123.219.46
1020,United States,70.123.225.30
1021,United States,70.123.228.86
1022,United States,70.123.229.111
1023,United States,70.123.233.35
1024,United States,70.123.252.47
1025,United States,70.123.55.55
1026,United States,70.123.93.201
1027,United States,70.124.99.231
1028,United States,70.125.137.193
1029,United States,70.125.140.30
1030,United States,70.125.211.106
1031,United States,70.125.213.204
1032,United States,70.130.122.39
1033,United States,70.130.123.81
1034,United States,70.94.161.227
1035,United States,70.94.164.72
1036,United States,70.94.165.250
1037,United States,70.94.168.22
1038,United States,70.94.183.166
1039,United States,71.132.254.162
1040,United States,71.136.252.51
1041,United States,71.136.255.165
1042,United States,71.137.144.185
1043,United States,71.143.82.236
1044,United States,71.146.116.173
1045,United States,71.146.34.33
1046,United States,71.158.155.73
1047,United States,71.198.180.6
1048,United States,71.235.91.18
1049,United States,71.40.24.180
1050,United States,71.40.4.250
1051,United States,71.41.134.238
1052,United States,71.41.242.68
1053,United States,71.41.243.19
1054,United States,71.42.125.202
1055,United States,71.42.133.19
1056,United States,71.42.140.139
1057,United States,71.42.196.114
1058,United States,71.42.199.34
1059,United States,71.62.94.245
1060,United States,71.78.115.66
1061,United States,71.78.185.26
1062,United States,71.78.217.82
1063,United States,71.78.46.154
1064,United States,71.78.67.37
1065,United States,71.78.94.74
1066,United States,72.128.136.219
1067,United States,72.128.140.202
1068,United States,72.128.151.210
1069,United States,72.177.135.99
1070,United States,72.177.141.60
1071,United States,72.177.15.120
1072,United States,72.177.174.24
1073,United States,72.177.203.50
1074,United States,72.177.207.78
1075,United States,72.177.226.58
1076,United States,72.177.229.125
1077,United States,72.177.237.78
1078,United States,72.177.240.51
1079,United States,72.178.117.75
1080,United States,72.179.161.39
1081,United States,72.179.168.148
1082,United States,72.179.173.100
1083,United States,72.180.0.21
1084,United States,72.180.46.191
1085,United States,72.180.51.14
1086,United States,72.180.53.75
1087,United States,72.181.100.161
1088,United States,72.181.101.87
1089,United States,72.181.103.160
1090,United States,72.181.103.19
1091,United States,72.181.104.64
1092,United States,72.181.105.198
1093,United States,72.181.105.69
1094,United States,72.181.108.107
1095,United States,72.181.109.196
1096,United States,72.181.109.235
1097,United States,72.181.110.80
1098,United States,72.181.117.226
1099,United States,72.181.118.217
1100,United States,72.181.119.126
1101,United States,72.181.126.124
1102,United States,72.181.127.233
1103,United States,72.181.146.118
1104,United States,72.181.19.10
1105,United States,72.181.98.126
1106,United States,72.181.99.132
1107,United States,72.182.214.180
1108,United States,72.190.130.87
1109,United States,72.190.156.176
1110,United States,72.190.161.136
1111,United States,72.190.168.222
1112,United States,72.190.171.65
1113,United States,72.190.187.173
1114,United States,72.190.25.232
1115,United States,72.191.11.178
1116,United States,72.191.26.144
1117,United States,72.191.28.232
1118,United States,72.191.29.194
1119,United States,72.191.30.236
1120,United States,72.191.31.35
1121,United States,72.191.4.136
1122,United States,72.191.48.117
1123,United States,72.191.48.208
1124,United States,72.191.50.129
1125,United States,72.191.58.18
1126,United States,72.191.58.78
1127,United States,72.21.196.64
1128,United States,72.21.196.66
1129,United States,72.21.196.67
1130,United States,73.115.127.168
1131,United States,73.119.63.36
1132,United States,73.123.183.143
1133,United States,73.136.220.123
1134,United States,73.158.71.104
1135,United States,73.166.32.184
1136,United States,73.166.86.204
1137,United States,73.219.222.176
1138,United States,73.233.99.219
1139,United States,73.239.66.107
1140,United States,73.76.225.232
1141,United States,73.77.171.11
1142,United States,73.85.100.144
1143,United States,74.192.142.167
1144,United States,74.192.167.159
1145,United States,74.197.69.72
1146,United States,74.50.118.217
1147,United States,75.1.166.163
1148,United States,75.1.166.50
1149,United States,75.144.206.81
1150,United States,75.15.240.105
1151,United States,75.15.245.2
1152,United States,75.21.227.106
1153,United States,75.35.140.23
1154,United States,75.41.19.157
1155,United States,75.41.19.43
1156,United States,75.41.2.91
1157,United States,75.54.32.21
1158,United States,75.54.32.23
1159,United States,75.54.32.79
1160,United States,75.58.161.186
1161,United States,75.87.28.58
1162,United States,76.183.251.188
1163,United States,76.185.128.151
1164,United States,76.185.135.244
1165,United States,76.185.163.154
1166,United States,76.185.173.161
1167,United States,76.185.173.254
1168,United States,76.185.182.104
1169,United States,76.185.182.91
1170,United States,76.185.227.82
1171,United States,76.185.228.75
1172,United States,76.185.247.126
1173,United States,76.186.156.49
1174,United States,76.186.189.183
1175,United States,76.186.2.234
1176,United States,76.186.80.227
1177,United States,76.187.203.223
1178,United States,76.193.64.119
1179,United States,76.198.205.14
1180,United States,76.198.206.28
1181,United States,76.204.31.63
1182,United States,76.211.177.61
1183,United States,76.211.181.33
1184,United States,76.214.115.41
1185,United States,76.218.0.183
1186,United States,76.218.41.171
1187,United States,76.237.206.120
1188,United States,76.250.148.104
1189,United States,76.85.101.80
1190,Germany,79.220.63.16
1191,United States,8.31.0.128
1192,Germany,80.137.93.59
1193,Germany,87.158.135.133
1194,United States,96.27.161.213
1195,United States,96.40.234.116
1196,United States,96.46.160.14
1197,United States,96.46.160.20
1198,United States,96.64.121.249
1199,United States,96.64.210.98
1200,United States,96.77.154.186
1201,United States,96.8.130.0
1202,United States,96.8.130.11
1203,United States,96.8.130.12
1204,United States,96.8.130.145
1205,United States,96.8.130.152
1206,United States,96.8.130.186
1207,United States,96.8.130.194
1208,United States,96.8.130.195
1209,United States,96.8.130.196
1210,United States,96.8.130.21
1211,United States,96.8.130.212
1212,United States,96.8.130.232
1213,United States,96.8.130.240
1214,United States,96.8.130.36
1215,United States,96.8.130.92
1216,United States,96.8.168.147
1217,United States,96.8.168.255
1218,United States,96.8.172.51
1219,United States,96.8.193.160
1220,United States,96.89.11.37
1221,United States,97.105.101.131
1222,United States,97.105.154.139
1223,United States,97.105.165.178
1224,United States,97.105.19.58
1225,United States,97.105.19.61
1226,United States,97.105.53.195
1227,United States,97.105.69.130
1228,United States,97.105.90.179
1229,United States,97.123.183.37
1230,United States,97.123.26.103
1231,United States,97.77.161.196
1232,United States,97.77.203.60
1233,United States,97.77.214.243
1234,United States,97.77.227.131
1235,United States,97.77.238.3
1236,United States,97.79.128.78
1237,United States,97.79.140.198
1238,United States,97.79.147.122
1239,United States,97.98.105.129
1240,United States,97.98.108.135
1241,United States,97.98.14.0
1242,United States,97.98.16.4
1243,United States,98.158.241.75
1244,United States,98.158.243.104
1245,United States,98.199.170.30
1246,United States,98.6.204.179
1247,United States,98.6.204.195
1248,United States,98.6.44.42
1249,United States,98.6.75.74
1250,United States,98.6.95.27
1251,United States,98.6.99.131
1252,United States,99.100.170.238
1253,United States,99.100.175.92
1254,United States,99.113.230.177
1255,United States,99.132.128.74
1256,United States,99.132.129.169
1257,United States,99.140.253.42
1258,United States,99.147.236.67
1259,United States,99.162.240.204
1260,United States,99.202.73.143
1261,United States,99.203.154.173
1262,United States,99.203.154.83
1263,United States,99.203.154.85
1264,United States,99.203.154.93
1265,United States,99.203.154.95
1266,United States,99.203.155.102
1267,United States,99.203.155.126
1268,United States,99.203.155.145
1269,United States,99.203.155.147
1270,United States,99.203.155.177
1271,United States,99.203.212.90
1272,United States,99.203.213.177
1273,United States,99.203.23.170
1274,United States,99.203.26.185
1275,United States,99.203.26.200
1276,United States,99.203.26.250
1277,United States,99.203.26.254
1278,United States,99.203.26.61
1279,United States,99.203.26.93
1280,United States,99.203.27.106
1281,United States,99.203.27.150
1282,United States,99.203.90.176
1283,United States,99.27.143.74
1284,United States,99.48.228.206
1285,United States,99.48.230.105
1286,United States,99.76.233.212
1287,United States,99.76.235.191
1288,United States,99.88.62.179
1289,United States,99.97.208.13
